{
    "appCode": "HJM9XONGDY",
    "memo": "我的数据库",
    "table": [{
            "name": "student",
            "memo": "学生表",
            "field": [
                {
                    "name": "name",
                    "memo": "",
                    "propertyArr": [
                        "not-null",
                        "unique"
                    ],
                    "fieldType": "string",
                    "isIndex": false
                },
                {
                    "name": "age",
                    "memo": "QUdF",
                    "propertyArr": [
                        "not-null",
                        "readable"
                    ],
                    "fieldType": "int",
                    "isIndex": false
                },
                {
                    "name": "grade",
                    "memo": "",
                    "propertyArr": [
                        "not-null",
                        "readable"
                    ],
                    "fieldType": "int",
                    "isIndex": false
                }
            ],
            "filter": "",
            "trigger": "",
            "options": [
                "public"
            ]
        },
        {
            "name": "users",
            "memo": "",
            "field": [{
                    "name": "name",
                    "memo": "",
                    "propertyArr": [
                        "not-null",
                        "unique"
                    ],
                    "fieldType": "string",
                    "isIndex": false
                },
                {
                    "name": "age",
                    "memo": "",
                    "propertyArr": [
                        "not-null"
                    ],
                    "fieldType": "int",
                    "isIndex": false
                },
                {
                    "name": "tag",
                    "memo": "",
                    "propertyArr": [
                        "not-null"
                    ],
                    "fieldType": "string",
                    "isIndex": false
                }
            ],
            "filter": "",
            "trigger": "",
            "options": [
                "public"
            ]
        }
    ],
    "type": 1,
    "permission_required": false,
    "name": "mydb",
    "custom_fns": [],
    "custom_queriers": []
}